orthanc_study_id,Unnamed: 0,lv_edv,lv_esv,lv_ef,lv_mass,rv_edv,rv_esv,rv_ef,rv_mass
18fddd02-31e42c5f-5ae8cbb8-326f4c3c-a3b9a712,,139.13841247558594,90.59600830078125,0.34887852542749276,102.84241139888763,196.20895385742188,59.017181396484375,0.6992125984251969,26.012991070747375
e3429c63-ce9ec545-8ce284ba-82c9afb0-7c3a3645,,132.91015625,57.666015625,0.5661278471711977,70.45555114746094,181.3720703125,88.4033203125,0.5125858123569794,22.99999237060547
